{
  "version": 1,
  "author": "Anonymous maker",
  "editor": "wokwi",
  "parts": [
    { "type": "board-esp32-devkit-c-v4", "id": "esp", "top": 0, "left": 0, "attrs": {} },
    {
      "type": "wokwi-lcd2004",
      "id": "lcd1",
      "top": -137.6,
      "left": 178.4,
      "attrs": { "pins": "i2c" }
    },
    {
      "type": "wokwi-dht22",
      "id": "dht1",
      "top": -76.5,
      "left": -187.8,
      "attrs": { "temperature": "80", "humidity": "100" }
    },
    {
      "type": "wokwi-led",
      "id": "led1",
      "top": 63.6,
      "left": 186.6,
      "attrs": { "color": "limegreen", "flip": "1" }
    },
    {
      "type": "wokwi-resistor",
      "id": "r1",
      "top": 99.95,
      "left": 115.2,
      "attrs": { "value": "100" }
    },
    {
      "type": "wokwi-resistor",
      "id": "r2",
      "top": 119.15,
      "left": 115.2,
      "attrs": { "value": "100" }
    },
    {
      "type": "wokwi-resistor",
      "id": "r3",
      "top": 109.55,
      "left": 115.2,
      "attrs": { "value": "100" }
    },
    {
      "type": "wokwi-led",
      "id": "led2",
      "top": 82.8,
      "left": 263.4,
      "attrs": { "color": "red", "flip": "1" }
    },
    {
      "type": "wokwi-led",
      "id": "led3",
      "top": 73.2,
      "left": 225,
      "attrs": { "color": "yellow", "flip": "1" }
    },
    {
      "type": "wokwi-buzzer",
      "id": "bz1",
      "top": 40.8,
      "left": 337.8,
      "attrs": { "volume": "0.1" }
    }
  ],
  "connections": [
    [ "esp:TX", "$serialMonitor:RX", "", [] ],
    [ "esp:RX", "$serialMonitor:TX", "", [] ],
    [ "lcd1:GND", "esp:GND.2", "black", [ "h0" ] ],
    [ "lcd1:SDA", "esp:21", "magenta", [ "h-57.6", "v67.4" ] ],
    [ "lcd1:SCL", "esp:22", "violet", [ "h-28.8", "v67.5" ] ],
    [ "dht1:VCC", "esp:5V", "red", [ "v0" ] ],
    [ "dht1:SDA", "esp:26", "blue", [ "v0" ] ],
    [ "dht1:GND", "esp:GND.2", "black", [ "v28.8", "h48", "v-172.8", "h201.6" ] ],
    [ "lcd1:VCC", "esp:5V", "red", [ "h-268.8", "v192.1" ] ],
    [ "esp:18", "r1:1", "green", [ "h0" ] ],
    [ "led1:A", "r1:2", "green", [ "v0" ] ],
    [ "r3:1", "esp:5", "green", [ "v0" ] ],
    [ "r2:1", "esp:17", "green", [ "v0" ] ],
    [ "r3:2", "led3:A", "green", [ "v0" ] ],
    [ "r2:2", "led2:A", "green", [ "v0" ] ],
    [ "bz1:2", "esp:16", "red", [ "v0" ] ],
    [ "bz1:1", "esp:GND.3", "black", [ "v0", "h-48", "v-57.6", "h-144", "v19.2" ] ],
    [ "led1:C", "esp:GND.3", "black", [ "h9.2", "v-38.4", "h-48", "v19.2" ] ],
    [ "led2:C", "esp:GND.3", "black", [ "v0", "h28.4", "v-57.6", "h-144", "v19.2" ] ],
    [ "led3:C", "esp:GND.3", "black", [ "v0", "h9.2", "v-48", "h-86.4", "v19.2" ] ]
  ],
  "dependencies": {}
}