{
  "version": 1,
  "author": "Anonymous maker",
  "editor": "wokwi",
  "parts": [
    { "type": "board-esp32-devkit-c-v4", "id": "esp", "top": 0, "left": -4.76, "attrs": {} },
    {
      "type": "wokwi-lcd2004",
      "id": "lcd1",
      "top": -89.6,
      "left": 188,
      "attrs": { "pins": "i2c" }
    },
    { "type": "wokwi-dht22", "id": "dht1", "top": -162.9, "left": -111, "attrs": {} },
    {
      "type": "wokwi-slide-potentiometer",
      "id": "pot1",
      "top": -14.2,
      "left": -327.4,
      "attrs": { "travelLength": "30" }
    },
    {
      "type": "wokwi-slide-potentiometer",
      "id": "pot2",
      "top": 101,
      "left": -327.4,
      "attrs": { "travelLength": "30" }
    },
    { "type": "wokwi-logo", "id": "logo1", "top": -9.6, "left": -249.6, "attrs": {} }
  ],
  "connections": [
    [ "esp:TX", "$serialMonitor:RX", "", [] ],
    [ "esp:RX", "$serialMonitor:TX", "", [] ],
    [ "lcd1:GND", "esp:GND.2", "black", [ "h0" ] ],
    [ "lcd1:SCL", "esp:22", "green", [ "h-9.6", "v57.9" ] ],
    [ "lcd1:SDA", "esp:21", "green", [ "h-28.8", "v115.4" ] ],
    [ "dht1:GND", "esp:GND.2", "black", [ "v9.6", "h163.2" ] ],
    [ "dht1:VCC", "esp:5V", "red", [ "v0" ] ],
    [ "pot2:GND", "pot1:GND", "black", [ "v0" ] ],
    [ "pot1:GND", "esp:GND.2", "black", [ "v-201.6", "h-4.4" ] ],
    [ "lcd1:VCC", "esp:5V", "red", [ "h-48", "v28.9", "h-134.4", "v220.8" ] ],
    [ "pot1:VCC", "pot2:VCC", "red", [ "h-57.6", "v9.6" ] ],
    [ "pot2:VCC", "esp:5V", "red", [ "h-57.6", "v67.2" ] ],
    [ "pot1:SIG", "esp:32", "green", [ "h-19.2", "v37.6", "h345.45" ] ],
    [ "pot2:SIG", "esp:33", "green", [ "h-28.8", "v-58.4" ] ],
    [ "esp:27", "dht1:SDA", "green", [ "h0" ] ]
  ],
  "dependencies": {}
}